Price,Close,High,Low,Open,Volume,20_SMA,50_SMA
Ticker,JIOFIN.NS,JIOFIN.NS,JIOFIN.NS,JIOFIN.NS,JIOFIN.NS,,
Date,,,,,,,
2023-08-21,248.51246643066406,261.64198630571326,248.51246643066406,261.592076341765,74715306,,
2023-08-22,236.0818634033203,236.0818634033203,236.0818634033203,236.0818634033203,7281398,,
2023-08-23,224.30023193359375,224.30023193359375,224.30023193359375,224.30023193359375,4289046,,
2023-08-24,213.11767578125,213.11767578125,213.11767578125,213.11767578125,27673350,,
2023-08-25,214.16603088378906,223.751090108265,202.48425042804325,202.48425042804325,281040100,,
2023-08-28,210.8212432861328,221.90396720216597,207.22685745784798,213.0178301776218,87522120,,
2023-08-29,219.90708923339844,221.3548286580761,206.92732914243734,211.66993379105776,92693420,,
2023-08-30,230.88995361328125,230.88995361328125,224.35014863690412,224.54983419842816,21403170,,
2023-08-31,233.13645935058594,242.42198304838664,230.79011201685617,241.32368956557008,124122100,,
2023-09-01,244.768310546875,244.768310546875,233.83536206535717,234.63411956193613,39481020,,
2023-09-04,253.05538940429688,266.534385890434,248.61232085371677,254.9025151512389,99246730,,
2023-09-05,254.6529083251953,259.59519848002003,252.606096982481,256.599869266789,47127070,,
2023-09-06,252.45632934570312,259.3954902078186,245.66691361089178,246.61543145409348,225413100,,
2023-09-07,251.40797424316406,256.89939602790463,250.85882749418025,251.6076598150584,43856830,,
2023-09-08,252.8057861328125,254.60298673323,249.11154976447406,253.60454364800165,36090000,,
2023-09-11,249.76052856445312,257.29879204605777,249.6107681975475,256.5499597414651,24982850,,
2023-09-12,243.86972045898438,251.60765427088663,240.5249300720847,251.35804350276075,39500710,,
2023-09-13,239.82601928710938,247.41419261567373,236.23163342228838,244.41886344414021,27810990,,
2023-09-14,242.17236328125,244.16924936852473,240.87438427751505,241.6232165602431,14055230,,
2023-09-15,239.0272674560547,244.2690936303983,237.27999206460683,243.42042615271447,27416100,237.7367805480957,
2023-09-18,232.8369140625,240.47501246547327,231.7386358586629,239.62632978679898,24694410,236.9530029296875,
2023-09-20,229.29244995117188,231.63879731105115,228.6434680354772,230.04128227006538,18317600,236.61353225708007,
2023-09-21,227.29556274414062,235.2331974767013,226.4468952609017,229.64191009345632,33101550,236.76329879760743,
2023-09-22,227.44532775878906,231.8883962436854,225.99758839652375,227.59508812090792,38327550,237.47968139648438,
2023-09-25,229.3922882080078,230.49058164490978,227.14579137027977,229.64189896775537,13392150,238.24099426269532,
2023-09-26,230.04127502441406,231.33925404995327,229.64190389426295,230.74019735472658,8058261,239.20199584960938,
2023-09-27,226.99603271484375,230.84002930283367,226.64657155455748,230.84002930283367,10984320,239.55644302368165,
2023-09-28,224.69961547851562,228.49370218355244,224.4000795111384,227.64501948182226,9143582,239.24692611694337,
2023-09-29,230.84002685546875,232.53737696951,224.64968307983085,225.5482757181375,12411230,239.1321044921875,
2023-10-03,231.0397186279297,233.5358262848219,230.1910511656056,231.1395690282182,13185430,238.44567489624023,
2023-10-04,224.30023193359375,229.6419085081217,223.1520284850661,229.6419085081217,23296540,237.00791702270507,
2023-10-05,225.04905700683594,227.54516462774154,223.8509283958076,225.54827853101705,13894930,235.5277244567871,
2023-10-06,224.74954223632812,227.2955598890971,223.35171279055868,226.14735644706528,7531900,234.14238510131835,
2023-10-09,219.30801391601562,222.65280428971707,218.50927164919037,222.65280428971707,9696908,232.53738708496093,
2023-10-10,219.80723571777344,223.55139722944364,219.4078645838748,220.65591842109822,10451280,230.887459564209,
2023-10-11,224.74954223632812,227.3454850898446,220.25654839963147,221.65436261036862,11765080,229.63691024780275,
2023-10-12,224.79945373535156,227.04595066902277,224.40008259671185,226.64657953038306,7780605,228.6833969116211,
2023-10-13,224.2003936767578,225.54828267579714,221.65436080964065,223.6512469430608,10137210,227.90211563110353,
2023-10-16,224.4499969482422,225.5982003426033,223.6512394745411,224.54983211056006,10850720,227.01599731445313,
2023-10-17,220.60598754882812,232.63722927734526,220.15669122598553,231.1395647111821,34190040,226.0949333190918,
2023-10-18,215.6636962890625,222.5529471598393,215.21439996879997,221.25498339797682,27712060,225.23627243041992,
2023-10-19,213.8665008544922,215.6637014132759,208.72452517869775,215.6637014132759,42127110,224.46497497558593,
2023-10-20,213.8665008544922,216.6621444753744,212.6683722269804,215.16447988222666,11101460,223.79352188110352,
2023-10-23,206.27835083007812,213.86650925921387,203.93200344792493,213.66682368595315,17817780,222.73517303466798,
2023-10-25,209.8227996826172,211.47023984686462,206.1784886646399,206.2783390630907,22079260,221.75669860839844,
2023-10-26,215.51394653320312,216.66214998982747,206.12857236958283,207.67616220223093,23734030,221.03033218383788,
2023-10-27,222.55294799804688,225.24875639983884,216.11299342327763,219.2580981470243,20929440,220.80817794799805,
2023-10-30,218.65902709960938,225.84781398464497,217.81034441639724,224.15046385325255,13508660,220.50614852905272,
2023-10-31,218.65902709960938,222.85248484629415,215.2144016375123,221.6543562379602,17538200,219.89709854125977,
2023-11-01,217.31112670898438,221.70428533005503,214.96479465043072,215.66370174797794,15862620,219.2106689453125,228.5765640258789
2023-11-02,217.01161193847656,219.2581088933882,216.36261478826037,218.15981539919616,13261560,218.84623794555665,227.94654693603516
2023-11-03,218.70895385742188,220.3064536015735,217.31112444187826,218.6590286577539,8569115,218.52923278808595,227.5990887451172
2023-11-06,216.81190490722656,220.35638082577063,216.4125337762774,220.0568448600427,11494090,218.13235092163086,227.44932220458983
2023-11-07,216.86183166503906,218.45934667037457,216.16292456334185,217.56073876673628,7558170,218.01004180908203,227.52420532226563
2023-11-08,213.8165740966797,217.560735552272,213.46712816851024,217.46090038780872,17101600,217.71050872802735,227.51721618652343
2023-11-09,214.8150177001953,217.3610505435077,214.51549697100845,214.51549697100845,17250090,217.2137825012207,227.5970916748047
2023-11-10,221.60443115234375,222.60287419897293,214.01627313898095,214.51549466229554,18467210,217.0540313720703,227.6310385131836
2023-11-13,224.40008544921875,225.5482889136778,221.90397771340986,222.65281003415254,12086990,217.06401596069335,227.50124114990234
2023-11-15,223.80101013183594,226.99604017363257,222.8524922535042,226.59665380089183,15782000,217.03156661987305,227.31453216552734
2023-11-16,226.59664916992188,228.94299645234528,223.50148482835692,225.14890978152602,17856030,217.33109970092772,226.9510989379883
2023-11-17,220.45623779296875,225.6481388251244,220.0568514150906,225.6481388251244,19607100,217.57072677612305,226.2991159057617
2023-11-20,215.1644744873047,221.40474346895508,214.71517816763222,221.40474346895508,20403360,217.63562545776367,225.5093472290039
2023-11-21,219.85716247558594,222.80256650528995,216.21285133909268,217.06151881339665,25625460,217.93515853881837,224.85736389160155
2023-11-22,221.55450439453125,223.05216895394005,218.15980415388395,219.35793275440466,15012270,218.698966217041,224.2602944946289
2023-11-23,220.90553283691406,222.90241900945114,219.25810783858395,222.15358669474975,11267950,219.25310287475585,223.62228942871093
2023-11-24,226.14735412597656,227.4952583571641,220.15669573853347,221.554509934924,31420610,219.78477325439454,223.1500259399414
2023-11-28,225.99758911132812,231.93832217632982,224.94922086808504,227.69493923918122,25668670,219.9570053100586,222.79258331298828
2023-11-29,225.69805908203125,228.99292426093587,223.85093330801485,228.99292426093587,14007700,220.3089569091797,222.5100241088867
2023-11-30,229.04283142089844,231.43910390121926,222.3033407791127,225.69805631747585,45432210,220.82814712524413,222.2474334716797
2023-12-01,225.14891052246094,231.23941929579533,224.49992862605427,231.0896436954485,17634910,221.22003631591798,221.96986633300781
2023-12-04,229.74176025390625,231.63879602388195,227.54517327599865,229.39229907968482,21079660,221.85654373168944,221.90796325683593
2023-12-05,242.1224365234375,245.61698715367268,229.04282664197316,230.6403415955219,60847480,223.02721786499023,222.16456298828126
2023-12-06,246.6653594970703,251.2082784390283,242.6216620820301,244.5186977903048,45262700,224.51989059448243,222.55195892333984
2023-12-07,248.7620849609375,250.30967476746702,244.71840271279007,248.61232459435138,23000400,226.11490325927736,222.97829406738282
2023-12-08,243.86972045898438,250.10998966213134,239.62633740084442,248.61232505337608,19056790,227.61756057739257,223.26784271240234
2023-12-11,245.21762084960938,246.615435035148,242.67158800770568,244.4687885569925,8875953,229.13769073486327,223.57136962890624
2023-12-12,240.17547607421875,246.91496658734985,237.92897923650838,245.66691278862186,12749590,230.06624298095704,223.83495849609375
2023-12-13,239.37672424316406,242.02259226487337,234.9835808620156,241.62322113387154,13774940,230.8150749206543,224.12850067138672
2023-12-14,238.228515625,243.3704911910233,237.67936890556263,242.52180851234445,14352890,231.5364501953125,224.27627044677735
2023-12-15,237.2799835205078,242.22228878066403,236.0319297144142,239.62633076997656,26225280,232.07061691284179,224.4010757446289
2023-12-18,239.77609252929688,241.82290383021865,237.23007493806176,240.6247752163965,17001750,233.0366096496582,224.71059295654297
2023-12-19,237.92898559570312,240.42509325987325,237.52959922841663,239.92587172703924,13053450,234.17483520507812,224.96819152832032
2023-12-20,231.7386474609375,247.81357208126002,229.6918360778595,238.52804829012427,44628840,234.7689094543457,225.1079736328125
2023-12-21,237.62945556640625,238.32836268283037,228.6434677508699,230.49059356252093,17015300,235.57265701293946,225.4744024658203
2023-12-22,236.3813934326172,239.37672259966197,234.23474695691456,238.37827954398037,10871310,236.3464500427246,225.80588562011718
2023-12-26,234.33457946777344,237.62944456121684,233.33613642339859,236.88061227793568,11865880,236.75581130981445,225.9975863647461
2023-12-27,233.63568115234375,236.88062116834854,232.63723807049612,235.632567316039,12430460,237.13771591186523,226.17431091308595
2023-12-28,232.9866943359375,235.98202351839208,232.18793684027656,234.6341192922747,10533950,237.50214767456055,226.35003692626952
2023-12-29,232.58731079101562,234.83380770509828,231.88840368697416,233.53582866328853,11614920,237.67937164306642,226.512783203125
2024-01-01,234.18482971191406,236.03194028664845,232.93677584991818,232.9867010514045,7919961,238.13116760253905,226.78436004638672
2024-01-02,234.98358154296875,235.63256344148542,231.63879117976532,234.6341203760554,9216592,238.39325866699218,227.17075775146483
2024-01-03,234.13490295410156,235.63256757854143,233.1863850722961,235.03349563475254,9864949,237.9938819885254,227.57612579345704
2024-01-04,241.02415466308594,242.87128046464088,236.4313256123794,238.47813698395942,32808930,237.71182174682616,228.1192788696289
2024-01-05,243.27064514160156,247.8135641053822,241.1239986595562,244.11932783545132,29722060,237.43724975585937,228.85912475585937
2024-01-08,242.02259826660156,246.51559215943476,239.92587692429888,246.46568219309592,21118010,237.34489364624022,229.50312072753906
2024-01-09,241.77297973632812,244.26908737446917,241.12399784442425,243.52025508302685,10689240,237.17266159057618,230.02830139160156
2024-01-10,240.57485961914062,241.92276388538562,238.92743461375898,241.62322791121647,11798540,237.19263076782227,230.38873962402343
2024-01-11,251.15835571289062,253.00546623965863,240.27531717788156,242.62166447151606,45792810,237.7817123413086,231.03872619628908
2024-01-12,254.6529083251953,258.94621657783284,253.30500408522846,254.60298312463502,46763290,238.60293197631836,231.75860382080077
2024-01-15,266.3346862792969,269.2801054945912,256.6497764083877,257.5983095034999,68617370,240.0556671142578,232.73907501220702
2024-01-16,248.4625701904297,257.59831841219807,246.11622282405747,253.70439643718953,70456850,240.48999099731446,233.3680941772461
2024-01-17,242.17236328125,246.61543177842992,241.77297692277597,246.61543177842992,28318080,240.7021598815918,233.83736236572267
2024-01-19,245.86660766601562,248.76208649477,245.01792495670884,245.467236529302,16563070,241.4085578918457,234.41845642089845
2024-01-23,240.0257110595703,247.66380978555196,239.62633992038263,247.46412421595812,13184700,241.52837066650392,234.88173400878907
2024-01-24,239.37672424316406,241.17392480273645,236.73085622145476,239.62633500879824,15276800,241.67813720703126,235.39293701171874
2024-01-25,239.47657775878906,242.27220618223444,238.52804464901405,240.02570926230223,12352490,241.93523712158202,235.88616821289062
2024-01-29,250.6092071533203,254.0039074510258,239.6263335330553,241.62321964583074,41148260,242.78391342163087,236.46626373291016
2024-01-30,247.31434631347656,253.55461552422756,246.71528961026382,252.75585801824496,15292450,243.50029602050782,236.92454895019532
2024-01-31,247.86349487304688,250.2098422075499,245.71684834278167,247.26442293039818,15183900,244.26410522460938,237.40579864501953
2024-02-01,252.00701904296875,254.30344109875108,248.8120043386346,250.60920487077001,24323320,245.15521469116212,237.91400604248048
2024-02-02,253.40484619140625,256.8993815907536,250.20983151555177,252.1068671944877,30218950,246.07627792358397,238.5729782104492
2024-02-05,288.64990234375,295.2396328073523,255.3018941202635,255.9508912673789,211028600,248.8020278930664,240.04268676757812
2024-02-06,270.5281677246094,285.2552033184998,265.63577220211243,285.2552033184998,86635610,250.27722854614257,241.0561068725586
2024-02-07,268.08197021484375,275.2707726656142,266.9836767195781,273.02427570850654,30963700,251.51779479980468,241.98665618896484
2024-02-08,262.3908386230469,269.9790123965279,261.54218635073795,269.57964124425325,21948920,252.53620681762695,242.8163623046875
2024-02-09,272.574951171875,275.8698010309821,257.9976766269122,263.9883348944259,51120880,254.0763053894043,243.74491424560546
2024-02-12,271.0273742675781,280.66234346944935,267.28321288316727,275.6701282902349,47043870,255.59893112182618,244.64550994873048
2024-02-13,272.3253479003906,274.9712159472981,263.28945028640527,270.02894102271193,31220100,256.6572807312012,245.57805572509767
2024-02-14,272.574951171875,274.57183726104626,268.13186743544355,269.47977163964686,21374190,257.55338287353516,246.4486981201172
2024-02-15,273.6233215332031,278.5656271053566,272.57496845792963,274.57185467373864,19477720,257.91781463623045,247.41818634033203
2024-02-16,271.4766540527344,276.31910884741535,270.5780614187879,274.8713542643449,14337050,259.0685188293457,248.2528842163086
2024-02-19,273.5733947753906,276.66857431394243,271.4766582834643,272.8245624904215,18390280,260.63857040405276,248.88190338134766
2024-02-20,281.26141357421875,288.8495562217219,273.17401894194495,273.77309085360656,55688590,262.4083106994629,249.57382446289063
2024-02-21,289.6483459472656,294.0414894408235,282.759094733497,283.55783701593845,64130100,264.88944244384766,250.39154968261718
2024-02-22,302.37847900390625,304.8246461556779,290.6467733519622,291.24584526649966,75689290,268.03953018188474,251.5617248535156
2024-02-23,333.4300842285156,346.45975444842003,304.87460557765877,305.32388668899654,270077100,272.7372055053711,253.32597412109374
2024-02-26,327.28961181640625,347.4581731346618,325.242815800621,339.9199404745069,107359700,276.5712257385254,255.0682568359375
2024-02-27,318.0041198730469,338.1726822068672,316.0571436857983,328.7872929114854,57002010,280.10571441650393,256.6408047485352
2024-02-28,307.8199768066406,321.94797018779855,305.57347996837274,319.5017725536592,48176150,283.1035385131836,258.03263397216796
2024-02-29,309.5173645019531,321.4986818375126,307.5204782793599,311.5142507245464,81356670,285.9790557861328,259.47738159179687
2024-03-01,317.4050598144531,321.0993115239054,311.0649399471818,313.011916207311,37623310,289.17906646728517,261.0299609375
2024-03-04,322.0977478027344,330.98388523385347,320.1008616173114,329.4363106281767,24183880,290.85145874023436,262.7133361816406
2024-03-05,321.19915771484375,327.3894866577541,319.0025707050613,323.49556465865373,18301430,293.38500823974607,264.50254638671873
2024-03-06,325.8418884277344,333.380121104485,320.84967328549874,322.44718822502676,53717380,296.27300415039065,266.2667950439453
2024-03-07,333.380126953125,336.8746776139965,323.6952476893194,328.4877621219177,35988720,299.82246856689454,268.20676971435546
2024-03-11,355.0962829589844,359.2897561733639,331.93242128592857,336.37547480562097,121739300,303.94853515625,270.6220037841797
2024-03-12,361.28662109375,373.9169194898483,358.19144156737804,359.4394953707487,111054000,308.4614974975586,273.17502258300783
2024-03-13,327.68902587890625,366.328754183818,323.99477435311013,363.1337546602172,99102080,311.22968139648435,275.0690692138672
2024-03-14,337.8232116699219,340.96830117976344,317.5048895319613,327.48932002038777,74698600,314.4920944213867,277.1737872314453
2024-03-15,344.2132568359375,348.3068796174845,335.9261913394435,339.4706521369652,55087410,318.02159118652344,279.3743557739258
2024-03-18,352.0010986328125,359.13999109103435,341.96675778226404,346.4098417137384,48365400,322.04781341552734,281.71470611572266
2024-03-19,352.7499084472656,357.3427524550126,346.45972957952426,352.84975884375075,42007910,326.0066390991211,284.0870062255859
2024-03-20,336.97454833984375,355.7952069855785,335.1274224993752,352.7499372296532,50983690,328.7922958374023,286.0060140991211
2024-03-21,338.17266845703125,347.7576972258948,336.57515350553285,343.96362587739156,28731850,331.2185119628906,287.9040545654297
2024-03-22,344.1134033203125,346.35990026266626,336.17579907270135,337.47376289581314,20548120,333.3052581787109,289.9458706665039
2024-03-26,345.6110534667969,351.9511728880121,343.01509545928394,344.4628500606076,27168980,333.914306640625,292.02263214111326
2024-03-27,350.15399169921875,355.04635657642024,347.45818326174856,347.70779402558605,50090700,335.0575256347656,294.21421478271486
2024-03-28,353.1992492675781,357.19302169745885,349.85445876353987,354.29754277980845,22677060,336.81728210449216,296.2550326538086
2024-04-01,356.3942565917969,363.63296865770906,355.0463523889592,356.4441665559502,23644470,339.24599609375,298.2898596191406
2024-04-02,356.5440368652344,362.28508468638955,355.9449649116225,358.44107265995086,29684720,341.5973297119141,300.0940466308594
2024-04-03,356.5440368652344,359.2398149513898,352.65011487185524,355.9449649116225,17920490,343.5542785644531,302.2556759643555
2024-04-04,360.7374572753906,367.2273370194045,357.442607439532,358.8404215980762,33926420,345.48626403808595,304.6269778442383
2024-04-05,372.61895751953125,374.2663824539134,358.4909640211845,360.43794015185847,46979670,348.0572540283203,307.1620248413086
2024-04-08,368.67510986328125,378.11040922316374,366.9777444274081,375.4146007003216,32853740,350.1989151000977,309.7350128173828
2024-04-09,367.1275329589844,374.1166345238381,364.8310955913508,370.42238293724665,23367020,351.88628540039065,312.2900289916992
2024-04-10,369.8732604980469,371.820206271088,366.97775111700315,369.07448773187207,16540320,352.62513427734376,314.89796264648436
2024-04-12,371.6205139160156,378.2601540780242,367.6267417319427,369.57368738964004,32481000,353.141828918457,317.3181887817383
2024-04-15,353.74835205078125,362.3849086048325,350.4535022518235,361.4363755417667,46281480,354.4447952270508,319.4468688964844
2024-04-16,361.28662109375,371.3709019189976,359.53934576903106,364.331860185949,48921020,355.6179656982422,321.71533142089845
2024-04-18,377.81085205078125,383.8015104780243,366.42860713303236,368.5752536421149,75356220,357.2978454589844,324.23140808105467
2024-04-19,369.5237731933594,377.5113174700272,368.076018605188,377.4114670725562,39515720,358.1739791870117,326.55378662109376
2024-04-22,382.10418701171875,384.2508335852545,374.6657737198606,377.41149224812074,48640720,359.6416931152344,328.4228723144531
2024-04-23,387.34600830078125,394.08549914692406,384.4005890022188,386.3974751788537,35550930,362.16026611328124,330.75922912597656
2024-04-24,381.2554931640625,390.89046271552814,378.90914585068435,390.0917204458977,27660950,364.3144073486328,333.02269958496095
2024-04-25,381.70477294921875,386.7469287278388,379.657976846553,381.25549185037386,17043110,366.1939758300781,335.4089782714844
2024-04-26,381.1556396484375,384.2508192405778,379.9574957837173,383.70165727338764,14131310,367.97120513916013,337.5805920410156
2024-04-29,379.9075927734375,384.1509758727466,377.46139503404515,383.0027724222406,16136160,369.4588851928711,339.7581964111328
2024-04-30,376.41302490234375,383.20242536507686,374.9153603470294,379.9075755314106,16844930,370.61957397460935,341.8399499511719
2024-05-02,379.05889892578125,380.7562643036755,371.92003719181685,376.4130309297046,19658850,371.75280609130857,343.96962890625
2024-05-03,375.3147277832031,385.24924809061724,373.76715327926325,379.9574817650858,21862920,372.691340637207,346.00345703125
2024-05-06,369.6735534667969,378.3100800871331,367.22735571227895,377.5113378044678,13990730,373.34781646728516,347.96739501953124
2024-05-07,355.6953430175781,370.12285753993086,353.0494749810743,369.6735459712514,29499380,373.09571075439453,349.609833984375
2024-05-08,354.6470031738281,363.23358950295,351.55182345353126,354.44730236475135,20022500,372.1971130371094,351.0775457763672
2024-05-09,344.86224365234375,358.6906868019071,344.0635013534068,356.44418980732314,23209800,371.0064697265625,352.18182373046875
2024-05-10,347.3084411621094,348.45664464213195,336.27562653824896,345.86068646769036,24450320,370.01551513671876,353.08042297363284
2024-05-13,340.81854248046875,347.35833229429255,334.8777941228243,347.30842232963226,20674530,368.56277923583986,353.2281921386719
2024-05-14,351.9012756347656,353.14932948441356,341.6672340676523,343.4644194231195,19646170,367.57681732177736,353.7204254150391
2024-05-15,353.299072265625,358.2413469821726,350.753024257043,353.49874258959056,16860130,367.55435333251955,354.42632446289065
2024-05-16,354.4971923828125,358.59081497799536,351.8513243968007,355.84509659306417,12290680,367.21488189697266,355.35986877441405
2024-05-17,356.6438903808594,357.8420038284712,354.44730335513935,356.4441895712246,8815474,366.1565338134766,356.3023992919922
2024-05-21,357.1929931640625,361.6360768254073,355.196107108638,360.43793300412733,11792810,365.53999481201174,357.09815795898436
2024-05-22,357.0931701660156,360.1384399162307,354.647002842471,358.44107445086064,12042410,364.28944396972656,357.79806640625
2024-05-23,367.17742919921875,375.414584307019,356.8435376063293,357.09314836717175,37524600,363.28101501464846,358.7176318359375
2024-05-24,364.8310852050781,370.1228516641421,363.6329718243936,367.9262647611248,18501100,362.45979461669924,359.4974157714844
2024-05-27,359.4894104003906,368.026116817774,358.59081774331446,367.4270448897019,15955070,361.3490264892578,360.0196014404297
2024-05-28,356.2944030761719,363.1836539225456,354.69688812641743,360.43793557673945,9228162,360.10596466064453,360.04356384277344
2024-05-29,348.6563415527344,355.5955027927019,347.55804805236056,354.44729932551957,15141730,358.54340209960935,359.7909582519531
2024-05-30,347.2085876464844,350.9527492674026,345.960533772845,348.2070307453959,9873346,357.0831802368164,360.1813494873047
2024-05-31,343.8138732910156,357.34276454576445,341.5673764093741,354.49719573500573,34213950,355.3209289550781,360.30116271972656
2024-06-03,355.54559326171875,367.42706003290004,353.249155854474,367.42706003290004,24058620,354.3324722290039,360.5278094482422
2024-06-04,332.431640625,357.442627963468,306.82155086553183,357.442627963468,59211460,352.4703765869141,360.13642028808596
2024-06-05,345.0619201660156,347.35832696631667,326.4908735577111,338.47219001854455,24785000,351.93870544433594,359.98266052246095
2024-06-06,348.8559875488281,352.2506877467035,347.5080833683306,349.45505945905626,16246610,351.64915466308594,360.2202893066406
2024-06-07,352.60015869140625,354.7967455998847,346.4597399986986,349.15554843455266,22668340,352.0360504150391,360.50883911132814
2024-06-10,349.8045349121094,356.7936363869964,348.1571099441846,354.6968998505174,15670410,352.1608551025391,360.6226617431641
2024-06-11,349.7046813964844,353.94806439701273,349.0057590671953,351.2023459849062,12762030,352.6051620483398,360.7045343017578
2024-06-12,360.3880310058594,362.93404859477107,351.00264196188306,351.4020435578458,29997540,353.02949981689454,360.90921508789063
2024-06-13,360.2382507324219,365.8295380691025,357.6423231029493,364.4317238524485,27424840,353.3764587402344,361.0499951171875
2024-06-14,356.4441833496094,362.1852311206465,355.5455906620688,361.4363988026852,19858180,353.4738082885742,361.0509936523438
2024-06-18,362.634521484375,364.43170675431617,357.04323441002214,358.19143780304364,22666200,353.77333984375,361.17280334472656
2024-06-19,357.74212646484375,363.38335397622427,356.4940726738415,363.38335397622427,15717810,353.80079650878906,361.19676513671874
2024-06-20,364.9808654785156,367.7265840220336,357.4426322107016,358.34122491274894,33575310,354.19518127441404,361.28163330078127
2024-06-21,360.3381042480469,366.2289123713189,358.5908288446149,365.4301700892045,21075770,353.8532150268555,361.03601623535155
2024-06-24,354.7967529296875,355.84510597080885,351.75148326774496,355.4457348346705,16858520,353.35149841308595,360.75844909667967
2024-06-25,358.490966796875,361.93560752548797,355.69533843022094,356.3942607569164,13212380,353.3015762329102,360.5857177734375
2024-06-26,355.6953430175781,359.1399837906162,352.60016341239475,358.3911514895266,27206810,353.2716232299805,360.30215942382813
2024-06-27,353.0494689941406,357.8419834518182,347.45818181347425,355.6953369857764,18689180,353.4912796020508,359.9307385253906
2024-06-28,357.5923767089844,361.4363885932849,354.8466582873503,356.44417328122296,23411220,354.0104690551758,360.0076190185547
2024-07-01,352.2507019042969,357.84198917437834,351.5018696039306,357.5923784075896,15688760,354.4323104858398,359.82690063476565
2024-07-02,350.4535217285156,354.8966056307635,349.455078646668,352.6501086966063,12146510,354.1777069091797,359.2797540283203
2024-07-03,350.7530517578125,355.84511770415634,349.1555671605847,352.450417229949,12102100,355.0937774658203,358.9043395996094
2024-07-04,350.3037414550781,356.29439960575905,349.7545795092279,351.451944839946,11944840,355.3558685302734,358.26833068847657
2024-07-05,352.2008056640625,354.2476018434674,348.5564944209421,350.3037698565541,15513570,355.52310943603516,357.5654266357422
2024-07-08,347.7577209472656,352.99954724344786,346.65945790887974,352.450415724255,11525940,355.28098754882814,356.8954711914063
2024-07-09,349.3052978515625,353.14930958589684,348.0073036390265,348.55646558396734,8908509,355.25602569580076,356.24748168945314
2024-07-10,347.40826416015625,350.3536528139361,343.56425240414416,349.85443129939074,11556790,355.1412048339844,355.5725341796875
2024-07-11,347.5080871582031,350.80296746535987,346.459734156418,348.9558417512049,8045640,354.49720764160156,354.92454406738284
2024-07-12,349.8045349121094,355.8451032845217,349.45507374435215,353.9480675496367,16327800,353.97552185058595,354.39237426757813
2024-07-15,354.8466491699219,356.1446433997458,351.1524282159538,353.74835573547495,15488340,353.89564514160156,353.90812927246094
2024-07-16,343.7140197753906,349.80452847108785,342.56581636252844,349.45506730976535,25005250,352.94962005615236,353.2761151123047
2024-07-18,336.4753112792969,345.611059185894,335.4768682191209,345.06192769082287,25188960,351.886279296875,352.6121502685547
2024-07-19,338.22259521484375,341.4675352427352,331.5330143539338,336.5252297814592,15349320,350.5483657836914,352.2626953125
2024-07-22,340.419189453125,342.46598563404865,333.7795184168206,338.22260243012823,12279130,349.5524200439453,351.97813903808594
2024-07-23,334.3785705566406,341.4675222888129,325.4924335267632,341.4675222888129,13863330,348.531510925293,351.7684655761719
2024-07-24,334.17889404296875,338.4721868802684,334.07904364604155,334.7280255209734,8729363,347.31590728759767,351.50587463378906
2024-07-25,328.6874694824219,333.1305228436399,327.48932561531575,332.48154094481754,12201640,345.9655136108398,351.2632531738281
2024-07-26,331.38323974609375,336.1258441984604,329.03689250196277,329.33644369678194,9688122,344.8822021484375,350.8528924560547
2024-07-29,329.6859130859375,334.67812842358,328.9869907506418,333.97920608828434,12628370,343.4868789672852,350.38062927246096
2024-07-30,328.83721923828125,331.23347642511345,328.5876084798599,330.48464414984943,8705901,342.3162048339844,349.8674298095703
2024-07-31,327.9885559082031,330.7342744127619,326.9901128156363,328.83723863089796,12402200,341.1929565429688,349.2943231201172
2024-08-01,328.1882629394531,332.38170572573136,327.73895135124997,328.48778368487814,13137030,340.0647171020508,348.714228515625
2024-08-02,325.7420654296875,327.7389516545438,324.04469995053336,325.4425446839853,7284359,338.8366333007813,348.08720642089844
2024-08-05,316.5563659667969,321.6983721990143,314.50956984314513,317.454989113829,16751760,337.05441131591795,347.07478515625
2024-08-06,310.8652648925781,321.49867780034674,309.51736061524065,316.6562226773533,12640380,335.2097885131836,345.99546875
2024-08-07,329.2366027832031,336.6750158529116,312.81220207119344,315.9573221220504,20755730,334.20635375976565,345.3904125976562
2024-08-08,325.8918151855469,330.2849586430966,323.4955578877983,329.486216367202,9648681,333.13053131103516,344.78236083984376
2024-08-09,325.09307861328125,329.9854436966159,323.9947851121085,329.68592295541663,7793704,332.00978088378906,344.3110955810547
2024-08-12,328.6375427246094,330.4347586000667,321.7982013445335,324.49400992268664,12463580,330.95143127441406,343.9396746826172
2024-08-13,322.796630859375,335.9760915108269,321.49866706236634,328.9869900529494,15172140,329.3489303588867,343.5193298339844
2024-08-14,319.70147705078125,325.8418957191231,318.7030339999919,325.4924345573341,8040049,328.14830322265624,342.8024475097656
2024-08-16,327.63909912109375,329.0369133754005,319.0524823159732,323.49556632544454,16446600,327.7064926147461,342.7065966796875
2024-08-19,330.9339599609375,333.97919906483355,328.2880615115777,331.4331814842033,13708990,327.3420608520508,342.4240374755859
2024-08-20,333.6297302246094,337.4238319961302,331.4830838179934,331.8824549334001,15772040,327.002587890625,342.11951232910155
2024-08-21,330.5845031738281,336.7249218972145,328.9869881842318,335.37701767255305,18916850,326.81288452148436,341.67919921875
2024-08-22,329.08685302734375,332.88092463284505,328.3879306668257,331.6828111906125,8368346,326.55828247070315,341.2648455810547
2024-08-23,326.6406555175781,333.18047613358016,326.19137440262756,329.48622445919335,8935180,326.45594177246096,340.8035650634766
2024-08-26,322.7467346191406,333.6796988383489,321.2490699573349,332.1820341765431,26118300,326.0241165161133,340.05073913574216
2024-08-28,321.748291015625,329.73583586628445,320.40038672806315,326.49089577070407,21470180,325.62723541259766,339.28093994140625
2024-08-29,325.1429748535156,332.58138780327647,322.99632837870547,323.74516067015537,33808220,325.44252319335936,338.65491577148435
2024-08-30,321.19915771484375,331.083738318734,320.1507741769663,327.1398758825545,27498340,325.1030532836914,337.8262084960937
2024-09-02,344.3630065917969,348.80609041348987,322.6468699553331,323.3957022531422,65333800,325.9117904663086,337.5586260986328
2024-09-03,349.65478515625,354.4472998392904,341.9667611125548,350.453527446735,65293710,327.10742645263673,337.2521044921875
2024-09-04,346.6594543457031,349.75460356034455,342.51589113049675,344.4628673513784,22005750,328.61258087158205,336.9785314941406
2024-09-05,344.81231689453125,349.90438259498,343.46441266940303,348.05725683980904,16406870,330.3099334716797,336.7788427734375
2024-09-06,336.3255615234375,345.3115493484778,335.47687880150403,344.46286662654427,17265090,330.6643814086914,336.3355346679688
2024-09-09,341.1679992675781,345.3115317933493,328.78728118422134,337.423837864159,18687390,331.42819061279295,336.04498779296875
2024-09-10,350.9527282714844,359.18988334471265,340.3193159982387,343.41449551370687,60920830,332.72117309570314,336.0030529785156
2024-09-11,343.7639465332031,354.8466710175898,342.51589266041333,351.95119212673046,22779110,333.4774932861328,335.726484375
2024-09-12,349.25537109375,351.4020480542948,341.7670481245867,345.76082037480717,18880950,334.80043029785156,335.66657775878906
2024-09-13,351.35211181640625,353.84821950261266,346.35989644399336,349.80453723898404,17631910,336.3829620361328,335.6845495605469
2024-09-16,348.2569274902344,354.1477659262104,346.4597421684525,351.45195747347344,11639020,337.41385345458986,335.63462707519534
2024-09-17,351.1025085449219,354.94652055777436,343.4644249560461,348.15711969434375,14931440,338.4222808837891,335.6506024169922
2024-09-18,346.3598937988281,352.7000133673856,344.56270846651046,349.9542949335277,12141030,339.0587890625,335.5337841796875
2024-09-19,346.11029052734375,349.95430251200213,337.92307548385224,348.2070271071633,17295760,339.83507843017577,335.5008355712891
2024-09-20,353.3489990234375,355.3458851783821,347.80765213149203,347.8575620973398,38491940,341.04818572998045,335.5817095947266
2024-09-23,353.6984558105469,360.63764730099547,351.70156968035326,353.7983062110694,22868790,342.4010757446289,335.7075134277344
2024-09-24,351.9012756347656,355.44573637973997,348.55648522369614,353.24914941633364,20086100,343.85880279541016,335.7953771972656
2024-09-25,352.2507019042969,354.44728884006383,348.4566304371332,351.1524389064777,13663030,345.38392333984376,335.84430053710935
2024-09-26,349.3052978515625,353.04945918953825,348.40670522446095,351.9511657697194,11584350,346.59203948974607,335.7334735107422
2024-09-27,358.5908203125,362.43483220260106,348.55647970813965,349.4550723716539,61551030,348.4616226196289,336.03100952148435
2024-09-30,350.05413818359375,357.59237099635646,349.05569513713175,356.4441675869379,26763310,348.7461791992188,336.30258605957033
2024-10-01,350.4535217285156,352.4504078922109,345.71091708973944,351.4519648103633,16421560,348.786116027832,336.5472045898438
2024-10-03,345.0619201660156,349.9542849601766,338.52209998243933,344.4628482489613,24232870,348.7062393188477,336.6400592041016
2024-10-04,338.2724914550781,344.7623712475226,335.97608463962325,342.9651859545634,18945510,348.379248046875,336.71793762207034
2024-10-07,335.8263244628906,348.3567724964481,328.6874627812605,345.56114415694907,38001800,348.35428619384766,336.7508862304687
2024-10-08,345.0619201660156,349.1555427174797,332.4815317881278,334.2288071053327,20853380,348.54898223876955,337.0783752441406
2024-10-09,342.4659729003906,347.45818824879285,341.01821826132823,344.4628590397515,12692770,348.12464447021483,337.3000299072266
2024-10-10,343.26470947265625,346.95896095720457,342.4659672181904,344.4628533244189,8914571,348.0996826171875,337.57160583496096
2024-10-11,340.9682922363281,343.91371134118253,339.91993925056664,342.91526831852855,8105506,347.6853286743164,337.81422729492186
2024-10-14,339.5205383300781,342.91526898979726,338.7217960984166,342.26625664775133,7284123,347.09375,338.04486694335935
2024-10-15,336.2257080078125,341.41762422446686,335.5767260982469,341.41762422446686,9425660,346.49218902587893,338.20561584472654
2024-10-16,333.1305236816406,338.6719009933656,331.9823202469797,336.52522402022845,10530770,345.59358978271484,338.35338500976565
2024-10-17,328.6375427246094,334.47844099723085,328.08841120353566,334.3286806251258,9765396,344.7074722290039,338.5950085449219
2024-10-18,329.8356628417969,332.38168039406776,324.9932080260444,328.6375190112792,9740536,343.89374084472655,338.97441650390624
2024-10-21,326.6905822753906,333.87935404417436,325.542348377333,333.87935404417436,8404918,342.5608200073242,338.92349609375
2024-10-22,313.56103515625,327.88869936008734,310.6156463704154,327.4893282245581,16864960,340.5539489746094,338.67688049316405
2024-10-23,314.2100524902344,320.9495433451435,312.66244741929034,315.7576270911135,15298130,338.6693878173828,338.45921997070315
2024-10-24,315.60784912109375,317.9042559111206,314.35979532867407,314.5095556897518,7628619,336.83724517822264,338.1986260986328
2024-10-25,310.7154846191406,317.35512470657693,305.52356865013263,317.00566355038274,12405370,334.9077545166016,337.9570031738281
2024-10-28,316.156982421875,318.7529404190657,310.16632418377196,314.01033598056745,9290007,332.7860626220703,337.88611328125
2024-10-29,325.692138671875,326.440970967592,313.41127074007767,317.20537265374895,14904510,331.5679626464844,337.8471740722656
2024-10-31,321.7981872558594,323.3957022518586,317.20537353869986,319.45187043211826,6666478,330.13519592285155,337.6644586181641
2024-11-01,325.692138671875,326.3411205674836,323.695252549963,324.4939948107022,4366260,329.16670684814454,337.5057067871094
2024-11-04,319.3520202636719,326.2911812796766,318.8028582961767,326.2911812796766,8097386,328.2206832885742,337.28105712890624
2024-11-06,325.5423583984375,327.3894842151463,322.297418345053,323.4456522784565,7203398,327.70648498535155,337.2101672363281
2024-11-07,321.0493469238281,327.9885382312047,320.05090388507256,326.49087367307135,7046798,326.5058563232422,337.0983410644531
2024-11-08,315.55792236328125,321.8481320317248,314.3098685167723,321.1991501255531,7871347,325.1604537963867,336.9545648193359
2024-11-11,311.5142517089844,315.6078745722502,310.1164374427649,313.5111379378881,8429474,323.57293090820315,336.7498840332031
2024-11-12,309.7669677734375,315.6577758933271,309.51735700166194,311.71394398131264,5765828,322.0128646850586,336.4423638916016
2024-11-13,298.933837890625,309.51734013105437,297.5360237388845,309.51734013105437,14563480,319.98352966308596,335.9970574951172
2024-11-14,317.8543701171875,320.0010167093683,302.27865150939544,302.27865150939544,42750070,319.06496276855466,335.466884765625
2024-11-18,318.30364990234375,322.3972727296395,313.3613748112735,319.50179381718436,15570300,318.32361907958983,334.83986206054686
2024-11-19,318.8528137207031,323.29586728440904,316.60631672004536,319.50179564910223,9800376,317.83438262939455,334.2837292480469
2024-11-21,313.7108154296875,318.4034794367513,312.56258155736714,316.5064437543186,9585103,317.02814025878905,333.66169921875
2024-11-22,313.3114318847656,317.2053843420284,311.86370767507265,314.01035424121415,11366570,316.3591827392578,333.20141662597655
2024-11-25,322.7467346191406,324.494010057914,317.50490830282047,318.3535910385235,25530710,316.81846771240237,332.83299133300784
2024-11-26,325.5423583984375,326.39104112179723,319.6016402750496,320.9495445450839,11006010,317.3850830078125,332.32478393554686
2024-11-27,328.3879089355469,331.43317848192106,321.8980291918797,325.1929094976257,11501640,318.02408599853516,332.01726318359374
2024-11-28,324.94329833984375,330.88401612357103,324.4939867855,328.43784896676453,9679906,318.7354766845703,331.5310217285156
2024-11-29,327.8387756347656,331.7826073289298,324.8434465389159,325.0431168632679,18285870,319.31956634521487,331.0607550048828
2024-12-02,329.18670654296875,329.98544884533965,324.5938621291718,325.4924548368555,8216182,319.49429473876955,330.6793505859375
2024-12-03,339.8200988769531,341.91683538038023,329.33644682988137,330.83411140803446,18445720,320.39539031982423,330.4537023925781
2024-12-04,344.6625671386719,346.80921368991926,340.11963279340733,341.5673874631206,16774990,321.3439117431641,330.419755859375
2024-12-05,340.9682922363281,346.75924957969596,339.0712565872982,346.2101181052614,11818450,322.4247253417969,330.31691589355466
2024-12-06,338.3723449707031,342.5158775515755,337.9729738430402,342.5158775515755,8074543,323.0662246704102,330.0173828125
2024-12-09,336.3255615234375,340.76861499933506,335.3770283983239,337.97298653068185,10589890,323.8300354003906,329.6699249267578
2024-12-10,334.5782775878906,337.4238464206607,333.1305229538305,336.47531331971595,7366133,324.7810531616211,329.32346496582034
2024-12-11,342.4659729003906,344.4628590397515,332.7810629364646,334.17890761006873,20098920,326.3286392211914,329.12777038574217
2024-12-12,337.7732849121094,345.7608296262716,336.67502188996406,343.2647219030959,10639640,327.728955078125,328.89713012695313
2024-12-13,339.2210388183594,340.16957193906364,330.13520063237564,336.47532032902757,9126606,329.7433151245117,328.5097344970703
2024-12-16,339.8200988769531,341.91683538038023,337.623511974303,338.7218054256281,6632276,330.8416015625,328.3050537109375
2024-12-17,336.5751647949219,340.36923627068563,335.37702092359416,338.52211049824894,8027327,331.7551773071289,328.0274865722656
2024-12-18,324.0946350097656,336.4753233044012,323.0462514770748,335.4768802085424,13957880,332.017268371582,327.60814086914064
2024-12-19,312.5126647949219,319.4019155286568,310.2661680032651,317.5048798874925,21490550,331.9573608398438,327.0929443359375
2024-12-20,303.8262023925781,314.2599442630461,302.3285378448591,314.2599442630461,19669660,331.48309936523435,326.45294189453125
2024-12-23,304.2256164550781,308.36914911297947,301.57971793623796,308.31920867730327,11299660,330.5570434570312,325.6362158203125
2024-12-24,304.2256164550781,306.5220233343783,303.12732298103975,304.2256164550781,6911511,329.49120635986327,324.87140869140626
2024-12-26,305.07427978515625,306.2225137366273,302.42841164016124,304.225627518508,8189884,328.3255249023438,324.10760009765625
2024-12-27,304.4752197265625,306.87147694815064,304.0259081668618,305.4736627747295,6020942,327.3021209716797,323.37773864746094
2024-12-30,305.773193359375,308.46900186436517,300.5313671875,304.5251395089286,45642150,326.19884185791017,322.7027917480469
2024-12-31,298.2349548339844,303.37693050972945,295.7887571438409,303.37693050972945,17838910,324.65125427246096,321.94297668457034
2025-01-01,303.97601318359375,305.9229589414343,298.3347853073775,298.43463571112795,8948678,322.85904998779296,321.35988647460937
2025-01-02,304.2256164550781,306.5220233343783,302.87771221285215,305.5235802616279,18554110,320.83720245361326,320.87164794921875
2025-01-03,306.9713439941406,310.41595441508105,303.7763138787131,306.2225116674059,25288540,319.1373550415039,320.41436157226565
2025-01-06,296.2380676269531,307.9697735636144,294.7903130041906,307.22094126978493,15616960,317.03064117431643,319.80531127929686
2025-01-07,298.6842346191406,300.531360369912,296.7871989035095,297.53603119678996,8305881,315.14857482910156,319.50777526855467
2025-01-08,298.1351013183594,300.38159818458433,295.78875405295605,300.0321370224921,10545440,313.326416015625,319.1862762451172
2025-01-09,288.7996520996094,298.0352503084992,288.3503405392595,298.0352503084992,15072300,310.6430999755859,318.6501123046875
2025-01-10,280.1131896972656,290.4970219493,279.5640581995422,289.5484888495259,13906820,307.7600952148438,318.03806640625
2025-01-13,265.7356262207031,277.5671831053583,264.63733271152495,277.367482296393,22870940,304.08582458496096,317.0296392822266
2025-01-14,272.4252014160156,273.5734048679814,263.78867483810143,267.03361485934573,19834730,300.71607971191406,315.96430053710935
2025-01-15,271.97589111328125,275.57029232457126,270.8276876559419,274.57184923643877,12932860,297.48611602783205,314.9678546142578
2025-01-16,276.3690185546875,278.36590461496723,274.4220729279527,276.56871934874073,9804897,295.09983520507814,313.98139221191406
2025-01-17,278.56561279296875,280.86201963513605,275.2707628941958,279.56405584957434,12895000,293.4024826049805,313.1656640625
2025-01-20,275.270751953125,279.5640447378599,270.7278179440971,278.56560172093896,15616620,291.97471008300784,312.16023193359376
2025-01-21,259.6950378417969,277.0679404460213,257.9976725050933,275.5702759030698,25289890,289.74818115234376,310.93314575195313
2025-01-22,262.3908386230469,263.1896113976619,253.6544765955345,261.2925755718081,19045790,287.6564422607422,309.86980407714844
2025-01-23,255.45166015625,266.98366518307245,253.2051632962147,263.0897433863573,26848850,285.17531127929686,308.74855224609377
2025-01-24,244.0694122314453,256.9493373352058,243.17081953736016,255.6014330590455,38379150,282.155020904541,307.4346011352539
2025-01-27,232.936767578125,243.02103328393093,230.69027070630753,242.62166215628727,32924180,278.5131996154785,306.1146597290039
2025-01-28,233.03660583496094,238.12867157266604,230.9398845344599,236.6310069715801,32439610,275.25328216552737,304.4183044433594
2025-01-29,237.92898559570312,240.27531765900378,232.63723430065602,234.63412043199213,23719430,271.9509307861328,302.81081115722657
2025-01-30,234.43443298339844,241.87283071589,233.13645396144608,240.27531572963602,27503910,268.4613716125488,301.1224435424805
2025-01-31,241.2737579345703,243.3704944422393,235.43287520897573,236.63100382691576,31130580,265.17649230957034,299.67370239257815
2025-02-01,241.13397216796875,245.16769056549856,238.87749639095608,244.01947193294518,24079790,262.4212875366211,298.2301531982422
2025-02-03,233.60572814941406,239.18702129833227,232.53738674327138,238.62789561232697,15183090,259.16736221313477,296.4473330688477
2025-02-04,244.71839904785156,246.5655095598907,234.63411809119586,236.03193227517318,23138560,256.49652709960935,294.83085388183594
2025-02-05,249.43106079101562,253.9440126018797,246.21607281294712,246.26598277956808,28695520,254.5280975341797,293.2517169189453
2025-02-06,250.0900115966797,253.39485566380483,248.2628589818727,252.20672122841322,16298230,253.02693862915038,291.75465118408204
2025-02-07,249.06161499023438,252.35648009185246,245.74679199690218,248.01324674403335,11922050,252.19323806762696,290.1791079711914
2025-02-10,242.5817413330078,249.61077402617045,241.68313340549403,248.89189377817246,11175490,250.70106506347656,288.4470086669922
2025-02-11,235.57266235351562,242.80138049065613,234.38451265262344,241.62322497096858,15330320,248.8809036254883,286.36205993652345
2025-02-12,227.26560974121094,233.6157083602794,222.88244521500866,232.6372384044731,45167990,246.42573318481445,284.01412078857425
2025-02-13,227.70492553710938,232.68716197232095,226.64657831386566,227.82473383105176,15841470,243.8826988220215,281.74885345458983
2025-02-14,221.94390869140625,230.48060019324976,218.80879798523,229.64191165058588,22176520,241.21635665893555,279.4202847290039
2025-02-17,222.10365295410156,223.65124272532333,216.80192280745905,221.90396739153175,21988190,239.33678741455077,277.1358465576172
2025-02-18,220.67588806152344,223.63127096975404,216.67212166455147,223.21192671527666,19138940,237.25103988647462,274.85779876708983
2025-02-19,228.56358337402344,229.3423677417041,218.91861976193903,220.67588929724474,14085760,235.9066360473633,272.5797509765625
2025-02-20,234.90370178222656,235.5327105469653,225.5482799983863,227.6450165076007,15681050,235.44835052490234,270.52235931396484
2025-02-21,233.30618286132812,238.1785897619798,232.27778775099034,235.63255696807266,15152680,235.4668212890625,268.40406219482423
2025-02-24,228.0943145751953,233.1364550876958,227.65499719010157,230.6403474315106,14715000,235.2197067260742,266.16954650878904
2025-02-25,225.96763610839844,231.30929723097242,224.8992947428646,229.23253387972684,11683220,234.62163925170898,263.95739593505857
2025-02-27,221.35482788085938,227.64502233447638,220.705845972603,226.0075762919981,16215290,233.96765899658203,261.9025997924805
2025-02-28,207.28675842285156,219.55761657916167,206.67770756410678,218.91861364826812,50855490,232.2683090209961,259.79808166503904
2025-03-03,200.607177734375,209.9226533099353,198.34070772296056,209.67304254500078,51311990,230.2419692993164,257.733701171875
2025-03-04,206.05868530273438,207.71608921742174,198.71014371093858,199.67863470595347,50579880,228.86461715698243,255.77036254882813
2025-03-05,216.76199340820312,217.32111908158808,206.67771245526208,206.67771245526208,36954750,227.466796875,254.02109008789063
2025-03-06,219.59756469726562,222.0437470987278,217.72048690649592,221.65435492245447,24296330,225.9751220703125,252.3115557861328
2025-03-07,221.46466064453125,224.15047500987168,218.44935822936884,219.65748107871613,27997550,224.5438545227051,250.65134460449218
2025-03-10,216.1629180908203,224.54983353012352,215.16447505113985,222.25342672688382,19521400,222.89891967773437,248.85913909912108
2025-03-11,217.2212677001953,218.6490491850937,212.67834877192863,214.3657199654304,20118890,221.63089599609376,247.2388653564453
2025-03-12,225.17886352539062,226.14735451851087,216.38258254883206,219.65747458751608,28455080,221.1112060546875,245.66292236328124
2025-03-13,222.25343322753906,228.58355862785442,220.9754273181704,227.52521141244276,25219080,220.8605972290039,244.02347869873046
2025-03-17,219.17822265625,223.50148289202767,218.19973749778399,222.77260849612367,22290920,220.43426208496095,242.26761627197266
2025-03-18,224.82940673828125,225.14891583853952,220.36638016117064,220.75577235521516,28081310,220.5785369873047,240.83944305419922
2025-03-19,228.48370361328125,230.88995501711045,225.28868890437516,226.91615594900327,21456930,220.89753952026368,239.43543243408203
2025-03-20,231.3292694091797,233.88528114330074,228.59353000639263,230.64034127685156,24426400,221.4302085876465,238.09931579589843
2025-03-21,228.76327514648438,235.5726643105044,227.6949489659463,231.63879611135295,46879560,221.44019317626953,236.89858825683595
2025-03-24,232.31771850585938,234.09496112771532,230.34080555866768,231.53893415590412,26607360,221.31089401245117,235.94267883300782
2025-03-25,227.17575073242188,233.83536418798133,225.95764896696394,233.73552902189775,22492780,221.00437240600587,235.17148132324218
2025-03-26,222.3233184814453,228.54361459525236,221.6643423931681,227.64502191853424,19372530,220.71582260131837,234.16944366455078
2025-03-27,225.42848205566406,227.64502695800513,220.98541330458673,221.824101852761,188868800,220.68886489868163,233.23849548339842
2025-03-28,227.15577697753906,231.9383278061713,225.75796277597368,226.82628893680604,30356330,220.97891235351562,232.25423065185547
2025-04-01,230.06124877929688,230.9298893690138,224.859368951983,226.64657533158,18781790,222.11763687133788,231.28414337158202
2025-04-02,229.4222412109375,230.63036399642994,224.94922064392702,230.63036399642994,16203180,223.55839004516602,230.3671731567383
2025-04-03,230.05126953125,231.42911059674518,226.1473535031109,226.64657503402285,11752610,224.7580192565918,229.77429779052736
2025-04-04,221.973876953125,229.99137381461964,220.45623917772036,229.69183783808768,20832530,225.01861343383788,228.9659585571289
2025-04-07,213.18756103515625,214.6652524607048,202.78378644177613,202.78378644177613,25772060,224.69811325073243,228.12067657470703
2025-04-08,224.45997619628906,225.14890432784628,216.28272530438218,216.66213853278336,25131280,224.8478790283203,227.7284878540039
2025-04-09,220.57603454589844,223.6512409369858,217.91019345757655,223.6512409369858,19372730,225.06853485107422,227.48127319335939
2025-04-11,229.66188049316406,230.62037731402953,223.37168607048446,225.42847636841688,24630870,225.69056549072266,227.41377868652344
2025-04-15,238.1985626220703,239.11712838779917,232.23785647307432,235.53270630676394,27663800,226.34155044555663,227.41917022705078
2025-04-16,241.9027862548828,242.37205571750508,236.89059776785083,238.67781939827148,27720760,227.32401809692382,227.56853729248047
2025-04-17,246.0862579345703,247.61387457098394,237.92898010452842,242.56175521290686,30422200,228.66941986083984,227.66478729248047
2025-04-21,245.9964141845703,249.610773306843,244.11933629409242,249.610773306843,31786610,229.7277702331543,227.7620361328125
2025-04-22,250.16989135742188,250.94867572754063,243.32057133776402,245.11777189766576,30235260,230.81207962036132,228.09331939697265
2025-04-23,257.73809814453125,258.1474329727861,250.99859246341393,251.60764332053552,37568330,232.1325210571289,228.35371337890626
2025-04-24,258.3771057128906,259.3955067116334,256.10065665035677,257.59832130913077,17152000,233.61321258544922,228.53263427734376
2025-04-25,252.65602111816406,261.2126702790132,248.7121740510386,258.37709562551345,33348710,234.63012771606446,228.58395446777342
2025-04-28,257.49847412109375,259.2956900161119,251.90720179951327,251.9970580237543,19380920,236.14626388549806,228.75269165039063
2025-04-29,257.2288818359375,259.3455761772656,255.202043710602,257.6981512772744,12494830,237.89154205322265,229.0456344604492
2025-04-30,260.0145568847656,262.8900473225376,254.8026676217963,255.60142512230996,32058330,239.62084579467773,229.5344723510742
2025-05-02,258.3970642089844,264.78712447738945,257.3487111334215,262.4906870465359,20015940,241.18291015625,230.1571014404297
2025-05-05,260.19427490234375,261.99146027323945,258.896280605528,259.1958318140539,10986240,242.68956146240234,230.80688842773438
2025-05-06,250.80889892578125,260.3440333973105,250.01014141389328,258.8463687756577,18568700,243.75889434814454,231.38418823242188
2025-05-07,255.70127868652344,256.3003506280784,244.6684796139518,244.6684796139518,19393390,245.0413948059082,232.05614074707032
2025-05-08,251.05850219726562,257.89782795751216,249.01169089513593,255.7012715267352,14849940,246.49562606811523,232.66379302978515
2025-05-09,247.96334838867188,249.61077339909286,241.6232286503219,243.71996524088732,25011070,248.23441543579102,233.05178833007812
2025-05-12,262.49066162109375,263.08973352198745,256.59985394744126,258.5468300078302,19437050,250.13594970703124,233.60352752685546
2025-05-13,266.9836730957031,268.53127814941007,261.09286502659216,262.7902304480605,19305040,252.4563316345215,234.27707733154296
2025-05-14,267.0835266113281,269.52972437018684,264.7871196920418,268.3814904404787,13255750,254.3274139404297,235.05686157226563
2025-05-15,273.27386474609375,274.1724573634523,265.0866198544656,267.5827273860519,16201350,256.08117904663084,236.00298614501952
2025-05-16,276.5687255859375,277.51725867398704,272.62486333991757,273.6732468272455,13449060,257.8144760131836,237.1072640991211
2025-05-19,276.61865234375,278.9150897863131,275.32068848452377,276.5687423761127,10202020,259.3410957336426,238.49390197753905
2025-05-20,271.0273742675781,277.5671639643237,270.4283023520597,276.66857132607777,12885410,260.59264373779297,239.90230590820312
2025-05-21,273.9228515625,275.07105495377533,269.92907943975916,271.0772828310345,10476510,261.78029174804686,241.25958923339843
2025-05-22,274.1225280761719,276.9181869072532,270.9774385525113,274.0227081469,13207450,262.5995132446289,242.4067999267578
2025-05-23,281.31134033203125,283.20837610716063,274.12253790304476,274.52193951470565,13548310,263.74622497558596,243.64107543945312
2025-05-26,281.31134033203125,284.25675963267304,280.91196919043534,282.30978342105357,8653797,265.1789909362793,244.83800903320312
2025-05-27,290.9462890625,292.443953588014,278.6654521413106,279.56404476260644,24400390,266.8513816833496,246.33367645263672
2025-05-28,289.89794921875,298.78408637877595,288.3503441902216,295.58905639154534,37169000,268.4848350524902,247.7872100830078
2025-05-29,287.40185546875,291.59529825106324,285.05550806492056,291.2957775059214,15854790,269.8541999816895,249.031669921875
2025-05-30,286.2037048339844,290.546938357046,285.15535178051584,287.5516090956331,17881680,271.24453201293943,250.3106753540039
2025-06-02,286.0040283203125,288.7497467506277,282.958758688288,286.5032498530971,12638710,272.5350196838379,251.64719146728515
2025-06-03,283.4579772949219,290.34722828221817,282.65923503873773,287.3019891516941,9276084,274.16747360229493,252.81976287841798
2025-06-04,289.89794921875,291.2458534468024,282.0601650860625,283.4579792792018,13640670,275.87730712890624,254.04804779052733
2025-06-05,291.046142578125,292.5438071196934,289.0991664860608,291.5453640919811,11867060,277.8766891479492,255.24238525390626
2025-06-06,293.5422668457031,296.4377456967668,290.04771604992095,291.5453806766847,15858710,280.15563507080077,256.5379650878906
2025-06-09,303.77630615234375,305.02435999849143,295.1896895968348,295.5391507677691,26608260,282.2199172973633,257.96713684082033
2025-06-10,302.32855224609375,306.3722649995929,301.62966037257155,305.3238814842125,15246190,283.98716125488284,259.47019287109373
2025-06-11,302.1788024902344,306.32233532113327,299.23341358468576,303.02748523151865,17551030,285.74192504882814,261.0673025512695
2025-06-12,295.5391540527344,303.3769383876729,294.54071096471836,303.3769383876729,16175000,286.85518951416014,262.4695159912109
2025-06-13,293.5921630859375,294.8402168832252,287.3518940994989,287.5515948950903,16908690,287.7063613891602,263.7982437133789
2025-06-16,293.6920166015625,294.4907893223444,287.05237642351824,293.043034714096,16256310,288.5600296020508,265.0708590698242
2025-06-17,289.3487854003906,295.0399230068219,288.94941427205913,294.54070147889155,8857573,289.4761001586914,266.26938995361326
2025-06-18,287.70135498046875,292.19434864638987,286.90261273899705,288.5500376558221,8400088,290.16502532958987,267.42239166259765
2025-06-19,283.6576843261719,290.1475643279636,282.25987011210657,289.0492708490321,13910920,290.6417831420898,268.6560678100586
2025-06-20,293.7918701171875,294.54070241145394,282.55938570319137,282.75908650302136,21062460,291.2658096313477,270.2681539916992
2025-06-23,292.6935729980469,295.4392913760212,287.00246591482926,288.1007288899681,13408530,291.8349212646484,271.63282592773436
2025-06-24,300.3316650390625,303.9260662062719,296.6374439403159,297.5360366146021,24073040,292.30419006347654,273.22793853759765
2025-06-25,302.8277587890625,304.4752141644938,301.5297950381817,303.22716037708415,11854470,292.9506805419922,274.6912561035156
2025-06-26,312.0134582519531,312.4128293845028,303.6265425881535,304.32543445259927,37158990,294.18126068115237,276.1675540161133
2025-06-27,322.9464111328125,328.78727849838197,312.3629088915909,313.61096268253533,60666210,296.0183959960938,277.7884265136719
2025-06-30,326.24127197265625,331.38324767102034,324.6936974076364,326.3910323386155,36746290,298.03025817871094,279.3915267944336
2025-07-01,329.08685302734375,331.38325997750525,326.5907452684441,327.689038776373,20683380,300.311701965332,281.05333557128904
2025-07-02,326.1913757324219,330.43475894351366,324.5439202273573,329.6859266121445,13385180,302.1263732910156,282.5737652587891
2025-07-03,324.5439147949219,328.2381664225323,324.0446932490321,327.0400225243708,11497040,303.80126190185547,283.9098815917969
2025-07-04,324.444091796875,327.0899598710832,322.8465767711059,325.4924448453141,9623498,305.3463531494141,285.23122131347657
2025-07-07,327.53924560546875,329.18670109067887,322.5470301231719,324.44409638249687,13172850,306.5345001220703,286.7288858032227
2025-07-08,328.3380126953125,330.18513848588134,324.24438997650003,328.4877730631825,13953330,307.83497314453126,288.145676574707
2025-07-09,329.3364562988281,334.7779528071978,328.2381628159254,328.4877735861276,24522730,309.19285583496094,289.5878280639648
2025-07-10,331.1336364746094,332.88091183868323,328.48776844588184,329.98543304365944,13973000,310.9725799560547,291.01020965576174
2025-07-11,325.292724609375,330.48464051546796,324.4939823792359,330.48464051546796,14554940,312.55760803222654,292.3481228637695
2025-07-14,318.6031799316406,327.1897961635524,317.1554253366439,324.4939877694424,17980880,313.8031661987305,293.5163009643555
2025-07-15,320.6999206542969,322.04779439913455,317.80441142596624,320.6000702550331,12753150,315.37072296142577,294.9141213989258
2025-07-16,319.0524597167969,322.19757965379324,318.1538670791108,320.5002143058924,14151920,316.9382781982422,296.18114501953124
2025-07-17,317.6546630859375,320.45032202082535,316.85592080172097,319.60163930005467,12037730,318.6381271362305,297.5130682373047
2025-07-18,316.356689453125,323.4456412686139,313.2615098750874,320.0010005257865,29776470,319.76636810302733,298.88093505859376
2025-07-21,316.7560729980469,320.3005338096837,313.61098333179564,317.70460612964473,16996840,320.96949310302733,299.9662432861328
2025-07-22,310.31610107421875,317.9542151106832,309.36759841803666,317.5049035308682,15797940,321.46871490478514,300.8328918457031
2025-07-23,313.96044921875,314.7092815538527,311.1148802513466,311.1148802513466,9726960,322.02534942626954,301.7704302978516
2025-07-24,315.9573059082031,318.9026945355493,312.96197684781276,314.5095513409893,11348070,322.22254180908203,302.62409912109376
2025-07-25,310.7654113769531,315.05870447060073,309.71705832177975,315.05870447060073,10957080,321.6134918212891,303.30803283691404
2025-07-28,306.8714904785156,315.358256762128,306.0228077561414,310.7654124440424,15732700,320.645002746582,303.91308959960935
2025-07-29,320.6000671386719,321.9978813045861,305.823091823121,305.823091823121,27086580,320.2206634521484,304.90454345703125
2025-07-30,319.8013000488281,323.4955515602267,319.2022585886568,322.49710849985564,15393960,319.9011596679687,305.8221124267578
2025-07-31,328.73736572265625,332.13206591097327,315.9573072007346,316.5064386760274,49292430,320.11083221435547,306.9144091796875
2025-08-01,328.98699951171875,332.1820296009208,325.49244868230744,329.43631109209764,19635750,320.33797760009764,307.86792236328125
2025-08-04,333.380126953125,334.977641920679,328.0883909975451,329.3364448049992,19850630,320.6300216674805,308.90929809570315
2025-08-05,332.331787109375,338.0728348511155,330.9838828499099,333.9293021402201,16052990,320.82971038818357,309.7370080566406
2025-08-06,326.04156494140625,333.08060670763524,325.0930623284117,332.6812355826868,11615130,320.6649658203125,310.45988037109373
2025-08-07,324.99322509765625,327.4893328173003,316.30675804526896,322.4971173780122,16461900,320.35794525146486,311.2117077636719
2025-08-08,320.6499938964844,325.4924490017193,319.60164083465827,324.59385631014476,10312940,320.1258087158203,311.9006335449219
2025-08-11,327.75,328.6000061035156,320.79998779296875,321.0,11342710,320.5831497192383,312.7355529785156
2025-08-12,327.0,331.70001220703125,326.54998779296875,327.95001220703125,10094420,320.8981536865234,313.6063934326172
2025-08-13,330.6000061035156,332.6000061035156,328.6000061035156,328.6000061035156,11363620,321.47553100585935,314.4204345703125
2025-08-14,327.3999938964844,331.95001220703125,325.8500061035156,330.6000061035156,8079069,321.9627975463867,315.1475115966797
2025-08-18,329.3500061035156,333.70001220703125,327.6000061035156,331.25,9341169,322.6124633789062,315.8636663818359
2025-08-19,331.29998779296875,333.20001220703125,328.45001220703125,330.0,8842923,323.3396591186523,316.4141400146484
2025-08-20,328.45001220703125,331.0,327.04998779296875,330.8500061035156,8822662,324.246354675293,316.9365692138672
2025-08-21,323.8500061035156,329.3999938964844,322.6000061035156,329.0,10947440,324.74083251953124,317.3699932861328
2025-08-22,320.6000061035156,326.29998779296875,320.1000061035156,324.79998779296875,8800338,324.97296752929685,317.87121032714845
2025-08-25,319.70001220703125,322.3500061035156,318.3500061035156,322.0,11445520,325.4196975708008,318.3933673095703
2025-08-26,315.75,320.1499938964844,314.20001220703125,319.5,10076770,325.863623046875,318.83452697753904
2025-08-28,310.1000061035156,316.8999938964844,309.5,315.75,15243090,325.3386199951172,319.2495513916016
2025-08-29,311.70001220703125,316.6499938964844,309.3500061035156,311.0,17274980,324.93355560302734,319.7295245361328
2025-09-01,314.04998779296875,314.5,307.20001220703125,311.70001220703125,11486200,324.19918670654295,320.3373706054688
2025-09-02,311.75,316.25,311.0,314.20001220703125,13220790,323.337336730957,320.696533203125
2025-09-03,313.70001220703125,314.70001220703125,309.79998779296875,311.0,11360600,322.3533309936523,321.11666198730467
2025-09-04,309.45001220703125,316.0,309.0,315.25,10392900,321.20924224853513,321.29902893066406
2025-09-05,309.3999938964844,313.8999938964844,308.8999938964844,310.0,8618197,320.3771636962891,321.4304736328125
2025-09-08,311.1000061035156,313.3500061035156,309.6000061035156,310.75,6198613,319.68250274658203,321.4122045898437
2025-09-09,307.95001220703125,312.3500061035156,307.25,311.1000061035156,10103720,319.04750366210936,321.1122766113281
2025-09-10,310.04998779296875,313.3999938964844,309.25,310.0,10838910,318.1625030517578,320.7884509277344
2025-09-11,310.70001220703125,312.5,309.95001220703125,310.04998779296875,6146666,317.3475036621094,320.42071411132815
2025-09-12,311.20001220703125,312.20001220703125,310.0,311.04998779296875,6049420,316.3775039672852,320.12088684082033
2025-09-15,315.3500061035156,316.6499938964844,310.0,311.04998779296875,14414940,315.7750045776367,319.9370086669922
2025-09-16,315.45001220703125,317.79998779296875,314.29998779296875,315.79998779296875,10963420,315.0800048828125,319.7571270751953
2025-09-17,315.8500061035156,318.70001220703125,315.0,315.8999938964844,8836571,314.30750579833983,319.5233422851563
2025-09-18,317.3500061035156,317.95001220703125,315.8999938964844,316.29998779296875,9396848,313.75250549316405,319.3035821533203
2025-09-19,317.0,321.6000061035156,315.79998779296875,317.6000061035156,17671560,313.4100051879883,319.0568530273438
2025-09-22,313.8500061035156,319.0,312.79998779296875,317.0,7711667,313.07250518798827,318.7111804199219
2025-09-23,312.54998779296875,315.0,310.75,313.8500061035156,11896530,312.71500396728516,318.4563256835938
2025-09-24,306.75,314.1000061035156,306.0,314.0,11253780,312.26500396728517,318.2192620849609
2025-09-25,301.6000061035156,308.29998779296875,301.0,306.75,12147550,311.84000396728516,317.83726379394534
2025-09-26,295.8500061035156,301.6000061035156,294.3500061035156,300.8999938964844,11503280,311.04750366210936,317.3732147216797
2025-09-29,294.20001220703125,299.8999938964844,293.3999938964844,296.0,9607887,310.0550048828125,316.90412170410156
2025-09-30,293.20001220703125,296.79998779296875,292.20001220703125,295.0,10119810,309.12750549316405,316.4409881591797
2025-10-01,300.04998779296875,300.8500061035156,293.04998779296875,294.0,8551743,308.44500427246095,316.10686645507815
2025-10-03,301.70001220703125,302.95001220703125,298.79998779296875,300.04998779296875,8773415,308.05750427246096,315.9345446777344
2025-10-06,306.25,306.6499938964844,301.5,302.0,8816471,307.9000045776367,315.78033569335935
2025-10-07,309.8999938964844,315.0,306.29998779296875,306.3500061035156,18717960,307.84000396728516,315.659189453125
2025-10-08,304.6499938964844,310.95001220703125,304.20001220703125,309.8999938964844,7853613,307.6750030517578,315.5368811035156
2025-10-09,307.3500061035156,308.1499938964844,305.29998779296875,305.29998779296875,6279739,307.54000396728514,315.5464514160156
2025-10-10,308.1499938964844,310.3999938964844,306.6499938964844,307.0,7654597,307.4125030517578,315.29744995117187
2025-10-13,308.45001220703125,308.79998779296875,304.70001220703125,306.0,6533659,307.27500305175784,315.07042419433594
2025-10-14,305.6000061035156,310.79998779296875,305.1000061035156,309.6499938964844,7420573,306.7875030517578,314.6076770019531
2025-10-15,312.6499938964844,312.95001220703125,305.6000061035156,305.6000061035156,14796110,306.64750213623046,314.28093688964844
2025-10-16,312.1000061035156,314.29998779296875,310.6000061035156,314.04998779296875,10445540,306.46000213623046,313.85533447265624
2025-10-17,309.29998779296875,314.75,307.04998779296875,313.54998779296875,13963050,306.0575012207031,313.39469848632814
2025-10-20,310.70001220703125,315.79998779296875,309.1000061035156,309.20001220703125,14883900,305.7425018310547,313.08786743164063
2025-10-21,311.79998779296875,313.29998779296875,311.04998779296875,311.45001220703125,3190393,305.64000091552737,312.8240026855469
2025-10-23,309.04998779296875,313.8500061035156,308.3999938964844,312.0,11107310,305.46500091552736,312.59200256347657
2025-10-24,305.95001220703125,311.1499938964844,305.5,310.0,8292307,305.4250015258789,312.1560028076172
2025-10-27,305.54998779296875,307.8999938964844,305.1499938964844,306.8500061035156,8333968,305.62250061035155,311.72700256347656
2025-10-28,307.95001220703125,308.75,305.04998779296875,306.1000061035156,11236080,306.22750091552734,311.27400268554686
2025-10-29,309.75,310.75,307.6000061035156,307.79998779296875,8605721,307.00500030517577,310.9210028076172
2025-10-30,309.79998779296875,312.79998779296875,309.1499938964844,310.1000061035156,8517048,307.83499908447266,310.5300024414062
2025-10-31,306.79998779296875,310.95001220703125,306.25,309.0,6533999,308.17249908447263,310.0400024414063
2025-11-03,306.79998779296875,308.3999938964844,303.5,306.20001220703125,8075806,308.42749786376953,309.607001953125
2025-11-04,301.8999938964844,306.95001220703125,301.3500061035156,306.0,8396727,308.2099975585937,309.1680017089844
2025-11-06,298.1000061035156,303.20001220703125,297.5,301.8999938964844,8339076,307.6199981689453,308.7180017089844
2025-11-07,299.29998779296875,300.1499938964844,293.5,297.0,9364502,307.35249786376954,308.3100012207031
2025-11-10,301.95001220703125,303.3999938964844,299.6499938964844,299.6499938964844,8870055,307.08249816894534,308.03400146484375
2025-11-11,304.8999938964844,305.6499938964844,297.6499938964844,302.0,10752130,306.9199981689453,307.9300012207031
2025-11-12,309.5,310.29998779296875,305.25,305.29998779296875,12029640,306.9724975585938,307.8860009765625
2025-11-13,310.70001220703125,316.6000061035156,309.70001220703125,310.0,15761850,307.22749786376954,307.8190014648437
2025-11-14,314.8999938964844,315.70001220703125,309.29998779296875,311.0,13675540,307.33999786376955,307.88200134277344
2025-11-17,312.0,316.8500061035156,311.1499938964844,316.0,8876003,307.3349975585937,307.84800109863284
2025-11-18,305.95001220703125,311.8500061035156,305.45001220703125,311.1499938964844,8869128,307.16749877929686,307.7780010986328
2025-11-19,304.45001220703125,306.3999938964844,303.6000061035156,305.8500061035156,5882303,306.85499877929686,307.67900146484374
2025-11-20,308.3500061035156,309.6000061035156,305.20001220703125,305.6000061035156,7784069,306.68249969482423,307.62400146484373
2025-11-21,303.54998779296875,308.3500061035156,303.0,307.0,5973657,306.4074996948242,307.5360009765625
